,method,delay
0,dSPM,0.1079655419998744
1,dSPM,0.11301716599973588
2,dSPM,0.10780475000046863
3,dSPM,0.1083567089999633
4,dSPM,0.10774241699982667
5,dSPM,0.10798454199994012
6,dSPM,0.10720804199991107
7,dSPM,0.10692595900036395
8,dSPM,0.10750787500001024
9,dSPM,0.10709137499998178
10,dSPM,0.1071170830000483
11,dSPM,0.10784020800019789
12,dSPM,0.10831883399987419
13,dSPM,0.10759599999983038
14,dSPM,0.10746949999975186
15,dSPM,0.10746299999937037
16,dSPM,0.10729333299968857
17,dSPM,0.10661799999979849
18,dSPM,0.10771699999986595
19,dSPM,0.10898820900001738
20,dSPM,0.1080012499996883
21,dSPM,0.10796674999983225
22,dSPM,0.10785966599996755
23,dSPM,0.10744187500040425
24,dSPM,0.10738687499997468
25,dSPM,0.10728458300036436
26,dSPM,0.1081192909996389
27,dSPM,0.1076527499999429
28,dSPM,0.1085236660001101
29,dSPM,0.10815358299987565
30,dSPM,0.1075485839992325
31,dSPM,0.10780350000004546
32,dSPM,0.10776266600078088
33,dSPM,0.10807916699923226
34,dSPM,0.10840195799937646
35,dSPM,0.10794220899970242
36,dSPM,0.10776920900025289
37,dSPM,0.10759954200057109
38,dSPM,0.10799812500044936
39,dSPM,0.10772762499982491
40,dSPM,0.10730845800026145
41,dSPM,0.10798691699983465
42,dSPM,0.10706908299925999
43,dSPM,0.1083650000000489
44,dSPM,0.10836674999973184
45,dSPM,0.10796170800040272
46,dSPM,0.10738516699984757
47,dSPM,0.10774708400003874
48,dSPM,0.10721749999993335
49,dSPM,0.10731666699939524
50,dSPM,0.10792966700046236
51,dSPM,0.10744458400040457
52,dSPM,0.1073603329996331
53,dSPM,0.10817441699964547
54,dSPM,0.10787191600047663
55,dSPM,0.10826341699976183
56,dSPM,0.10918712500006222
57,dSPM,0.10759795800004213
58,dSPM,0.10788475000026665
59,dSPM,0.10823612499916635
60,dSPM,0.10681516600016039
61,dSPM,0.1079747909998332
62,dSPM,0.10718908400031069
63,dSPM,0.10844808399997419
64,dSPM,0.10753520800062688
65,dSPM,0.1078916249998656
66,dSPM,0.10840620900034992
67,dSPM,0.10728241699962382
68,dSPM,0.1075810830006958
69,dSPM,0.10742683300031786
70,dSPM,0.10753741700045794
71,dSPM,0.10867545800010703
72,dSPM,0.1079544160002115
73,dSPM,0.10739462499986985
74,dSPM,0.10778529199978948
75,dSPM,0.10783033300049283
76,dSPM,0.10802795800009335
77,dSPM,0.10839329100053874
78,dSPM,0.10829224999997678
79,dSPM,0.1078319170001123
80,dSPM,0.10791691599933984
81,dSPM,0.1083652079996682
82,dSPM,0.10772333400018397
83,dSPM,0.1075007919998825
84,dSPM,0.10777891599991563
85,dSPM,0.10794475000056991
86,dSPM,0.1086948330002997
87,dSPM,0.10831025000061345
88,dSPM,0.10810120799942524
89,dSPM,0.10782383299920184
90,dSPM,0.10731162499996572
91,dSPM,0.10793062499942607
92,dSPM,0.10779558400008682
93,dSPM,0.10841579200041451
94,dSPM,0.10797712499970658
95,dSPM,0.10699191599996993
96,dSPM,0.10808329200062872
97,dSPM,0.10792183299963654
98,dSPM,0.1089386249996096
99,dSPM,0.10728562500025873
100,dSPM,0.1078747920000751
101,dSPM,0.10848400000031688
102,dSPM,0.10779450000063662
103,dSPM,0.10804462499982037
104,dSPM,0.10767866599962872
105,dSPM,0.10896787500041683
106,dSPM,0.10745045800013031
107,dSPM,0.10749508299977606
108,dSPM,0.10683920799965563
109,dSPM,0.10775804100012465
110,dSPM,0.10809799999969982
111,dSPM,0.10837025000000722
112,dSPM,0.10768774999996822
113,dSPM,0.10735937500066939
114,dSPM,0.10809450000033394
115,dSPM,0.10842262500045763
116,dSPM,0.10828195799967943
117,dSPM,0.1078626250000525
118,dSPM,0.10824716600018292
119,dSPM,0.10790625000026921
120,dSPM,0.10749500000019907
121,dSPM,0.10811666600056924
122,dSPM,0.10733158299990464
123,dSPM,0.10798812499979249
124,dSPM,0.10863237500052492
125,dSPM,0.10795304200019018
126,dSPM,0.10729920900030265
127,dSPM,0.10767929200028448
128,dSPM,0.10861741700045968
129,dSPM,0.10905600000023696
130,dSPM,0.10852712500036432
131,dSPM,0.10853716700057703
132,dSPM,0.10813587499978894
133,dSPM,0.10744112500015035
134,dSPM,0.1078133329992852
135,dSPM,0.10744158399938897
136,dSPM,0.10751545899984194
137,dSPM,0.1068409999998039
138,dSPM,0.10788695799965353
139,dSPM,0.10808466700018471
140,dSPM,0.10861145800026861
141,dSPM,0.10724979199949303
142,dSPM,0.10709495799983415
143,dSPM,0.1085064170001715
144,dSPM,0.1071261670003878
145,dSPM,0.10749025000041001
146,dSPM,0.10789325000041572
147,dSPM,0.10894783300045674
148,dSPM,0.10787049999998999
149,dSPM,0.10752333300024475
150,dSPM,0.10853025000051275
151,dSPM,0.10800462499992136
152,dSPM,0.10744429199985461
153,dSPM,0.10778449999997974
154,dSPM,0.10810612499972194
155,dSPM,0.10837095900023996
156,dSPM,0.10792512500029261
157,dSPM,0.10828962499999761
158,dSPM,0.10807004200069059
159,dSPM,0.10889162500006933
160,dSPM,0.10748566599977494
161,dSPM,0.10797295799966378
162,dSPM,0.10824229200079571
163,dSPM,0.10759320800025307
164,dSPM,0.1071670000001177
165,dSPM,0.10737283300022682
166,dSPM,0.10815612500027783
167,dSPM,0.1074616670002797
168,dSPM,0.10726208399955794
169,MNE,0.0168004999995901
170,MNE,0.01791295800012449
171,MNE,0.016172165999705612
172,MNE,0.017110417000367306
173,MNE,0.016265332999864768
174,MNE,0.017012209000313305
175,MNE,0.016385457999604114
176,MNE,0.01655354200011061
177,MNE,0.016798541999378358
178,MNE,0.016278916999908688
179,MNE,0.01665554100054578
180,MNE,0.01774283299982926
181,MNE,0.016375416000300902
182,MNE,0.016474250000101165
183,MNE,0.016611333000582817
184,MNE,0.016643500000100175
185,MNE,0.016172332999303762
186,MNE,0.01630337500046153
187,MNE,0.016365375000532367
188,MNE,0.016160875000423403
189,MNE,0.016907082999750855
190,MNE,0.016373500000554486
191,MNE,0.01624504099982005
192,MNE,0.01625250000051892
193,MNE,0.016153000000485918
194,MNE,0.01693129199975374
195,MNE,0.017119834000368428
196,MNE,0.016772082999523263
197,MNE,0.016309333000208426
198,MNE,0.015996375000213447
199,MNE,0.015787374999490567
200,MNE,0.01669800000036048
201,MNE,0.015508917000261135
202,MNE,0.016330999999809137
203,MNE,0.016025667000576505
204,MNE,0.016318166999553796
205,MNE,0.016671874999701686
206,MNE,0.01608595800007606
207,MNE,0.01632504200006224
208,MNE,0.016567665999900782
209,MNE,0.016427917000328307
210,MNE,0.017321833000096376
211,MNE,0.016277624999929685
212,MNE,0.016691208999873197
213,MNE,0.0162813750002897
214,MNE,0.01642520899986266
215,MNE,0.01650683299976663
216,MNE,0.015884041000390425
217,MNE,0.015871708000304352
218,MNE,0.01666483299959509
219,MNE,0.016288708000502083
220,MNE,0.016246125000179745
221,MNE,0.016873333000148705
222,MNE,0.016454042000077607
223,MNE,0.016943124999670545
224,MNE,0.017031250000400178
225,MNE,0.017535750000206463
226,MNE,0.016365959000722796
227,MNE,0.01647479200073576
228,MNE,0.01602095799989911
229,MNE,0.015278584000043338
230,MNE,0.01636483399943245
231,MNE,0.016091083999526745
232,MNE,0.015879250000580214
233,MNE,0.01645591700071236
234,MNE,0.016381041999920853
235,MNE,0.01622929099994508
236,MNE,0.015592042000207584
237,MNE,0.016350707999663427
238,MNE,0.015661125000406173
239,MNE,0.016359332999854814
240,MNE,0.017598999999790976
241,MNE,0.015510499999436433
242,MNE,0.01582074999987526
243,MNE,0.016659916000207886
244,MNE,0.015637665999747696
245,MNE,0.01549208400047064
246,MNE,0.016568000000006577
247,MNE,0.016350457999578794
248,MNE,0.016267625000182306
249,MNE,0.016361957999833976
250,MNE,0.016337166999619512
251,MNE,0.01593691700054478
252,MNE,0.016261124999800813
253,MNE,0.016054665999945428
254,MNE,0.01668358300048567
255,MNE,0.017288667000684654
256,MNE,0.016625624999505817
257,MNE,0.016168000000106986
258,MNE,0.016774249999798485
259,MNE,0.01628274999984569
260,MNE,0.016444916999716952
261,MNE,0.01595791699946858
262,MNE,0.01660062500013737
263,MNE,0.015724291999504203
264,MNE,0.01639995799996541
265,MNE,0.016226458999881288
266,MNE,0.016493125000124564
267,MNE,0.015953000000081374
268,MNE,0.016333374999703665
269,MNE,0.01613783299944771
270,MNE,0.016967125000519445
271,MNE,0.015894749999461055
272,MNE,0.016717749999770604
273,MNE,0.016585458000008657
274,MNE,0.016258916999504436
275,MNE,0.016429416999926616
276,MNE,0.016551624999920023
277,MNE,0.01629283399961423
278,MNE,0.01609429200016166
279,MNE,0.01607295800022257
280,MNE,0.016947166999671026
281,MNE,0.01674720899973181
282,MNE,0.016905708000194863
283,MNE,0.016234624999924563
284,MNE,0.016555666000385827
285,MNE,0.016587209000135772
286,MNE,0.015718583000307262
287,MNE,0.016110666000713536
288,MNE,0.016097167000225454
289,MNE,0.016985458999442926
290,MNE,0.01654137500008801
291,MNE,0.016109499999402033
292,MNE,0.016937291999965964
293,MNE,0.016656124999826716
294,MNE,0.016686083000422514
295,MNE,0.01628408299984585
296,MNE,0.01600812499964377
297,MNE,0.015712541000539204
298,MNE,0.016419124999629275
299,MNE,0.016076208000413317
300,MNE,0.01734799999940151
301,MNE,0.01615025000046444
302,MNE,0.01635020799949416
303,MNE,0.016264791000139667
304,MNE,0.015771207999932813
305,MNE,0.01710716700017656
306,MNE,0.016680957999597013
307,MNE,0.016121832999488106
308,MNE,0.016032167000048503
309,MNE,0.01686920799966174
310,MNE,0.01660166700003174
311,MNE,0.0160569999998188
312,MNE,0.016106957999909355
313,MNE,0.016450042000542453
314,MNE,0.015749291999782145
315,MNE,0.01607266700011678
316,MNE,0.01661533300011797
317,MNE,0.015940499999487656
318,MNE,0.016158625000571192
319,MNE,0.0163170829991941
320,MNE,0.01606649999939691
321,MNE,0.0163574170001084
322,MNE,0.01677449999988312
323,MNE,0.01653520799936814
324,MNE,0.0164966660004211
325,MNE,0.016022333999899274
326,MNE,0.01631787499991333
327,MNE,0.01649325000016688
328,MNE,0.0163315000008879
329,MNE,0.016030041000703932
330,MNE,0.016772333000517392
331,MNE,0.017878915999972378
332,MNE,0.01596499999959633
333,MNE,0.01594037499944534
334,MNE,0.0163416249997681
335,MNE,0.016211416999794892
336,MNE,0.01574433299992961
337,MNE,0.016084875000160537
338,MNE,0.01639158300076815
339,MNE,0.015897499999482534
340,MNE,0.016035791999456706
341,MNE,0.01685591699970246
342,MNE,0.01578149999932066
343,MNE,0.01620808300049248
344,MNE,0.016307083000356215
345,MNE,0.015984124999704363
346,MNE,0.016134541000610625
347,MNE,0.017487666999841167
348,MNE,0.01632133299972338
349,MNE,0.016532917000404268
350,MNE,0.016018291000364115
351,MNE,0.016472499999508727
352,MNE,0.01622791700083326
353,MNE,0.01569729200036818
354,MNE,0.016055291000157013
355,MNE,0.016117416999804846
356,MNE,0.01624870799969358
357,MNE,0.016057165999882272
358,MNE,0.016050833000008424
359,MNE,0.015768750000461296
360,MNE,0.0166890410000633
361,MNE,0.016178249999939
362,MNE,0.01740258400059247
363,MNE,0.016397874999711348
364,MNE,0.016185167000003275
365,MNE,0.016146584000125586
366,MNE,0.016309958999954688
367,MNE,0.01632266599972354
368,MNE,0.015859291000197118
369,MNE,0.016734791999624576
370,MNE,0.016690082999957667
371,MNE,0.016599583000243
372,MNE,0.01615750000019034
373,MNE,0.016216167000493442
374,MNE,0.01618554100059555
375,MNE,0.01654308300021512
376,MNE,0.01650287499978731
377,MNE,0.016554333999920345
378,MNE,0.017228667000381392
379,MNE,0.016308625000419852
380,MNE,0.016542833000130486
381,MNE,0.01675795899973309
382,MNE,0.01636629200038442
383,MNE,0.01610087500012014
384,MNE,0.01631325000016659
385,MNE,0.016261124999800813
386,MNE,0.01606362500024261
387,MNE,0.016732540999328194
388,MNE,0.01588595799967152
389,MNE,0.017131542000242916
390,MNE,0.016439041000012367
391,MNE,0.016009291999580455
392,MNE,0.01673145799941267
393,MNE,0.01756087500052672
394,MNE,0.016313291000187746
395,MNE,0.015967917000125453
396,MNE,0.016162709000127506
397,MNE,0.016688832999534498
398,MNE,0.016112541999973473
399,MNE,0.01624691699998948
400,MNE,0.016119916000207013
401,MNE,0.016133957999954873
402,MNE,0.016233958000157145
403,MNE,0.015692833000684914
404,MNE,0.01640091700028279
405,MNE,0.015714999999545398
406,MNE,0.016547833000004175
407,MNE,0.016319542000019283
408,MNE,0.01613462499972229
409,MNE,0.017066999999769905
410,MNE,0.016115749999698892
411,MNE,0.01614954199976637
412,MNE,0.016263292000076035
413,MNE,0.015859875000387547
414,MNE,0.016295542000079877
415,MNE,0.016365249999580556
416,MNE,0.016215292000197223
417,MNE,0.016161874999852444
418,MNE,0.01642141700085631
419,MNE,0.01595274999999674
420,MNE,0.015906374999758555
421,MNE,0.01627058299982309
422,MNE,0.01685487499980809
423,MNE,0.01624958400043397
424,MNE,0.017640915999436402
425,MNE,0.016069041999799083
426,MNE,0.016748125000049185
427,MNE,0.016075958000328683
428,MNE,0.016519415999937337
429,MNE,0.016197083000406565
430,MNE,0.01611774999946647
431,MNE,0.01607229199998983
432,MNE,0.016082625000308326
433,MNE,0.016525500000170723
434,MNE,0.01605820899931132
435,MNE,0.01609654200001387
436,MNE,0.01612079200003791
437,MNE,0.015754125000057684
438,MNE,0.016056292000030226
439,MNE,0.016317790999892168
440,MNE,0.01585854100085271
441,MNE,0.01660637500026496
442,MNE,0.01636637499996141
443,MNE,0.015843624999433814
444,MNE,0.015989208000064536
445,MNE,0.015997417000107816
446,MNE,0.01684166599989112
447,MNE,0.015632999999979802
448,MNE,0.016547707999961858
449,MNE,0.01589937500011729
450,MNE,0.016157375000148022
451,MNE,0.016728499999771884
452,MNE,0.016356334000192874
453,MNE,0.0159204999999929
454,MNE,0.01627908299997216
455,MNE,0.01712225000028411
456,MNE,0.015744291999908455
457,MNE,0.01623654200011515
458,MNE,0.016109042000607587
459,MNE,0.016341292000106478
460,MNE,0.016180207999241247
461,MNE,0.016254582999863487
462,MNE,0.01643504200001189
463,MNE,0.015699833999860857
464,MNE,0.016464416999951936
465,MNE,0.016121374999784166
466,MNE,0.016441291999399255
467,MNE,0.016674624999723164
468,MNE,0.01640295800007152
469,MNE,0.016198624999560707
470,MNE,0.01703933299995697
471,MNE,0.016182834000574076
472,MNE,0.016037624999626132
473,MNE,0.016307625000081316
474,MNE,0.016545208000025013
475,MNE,0.015848707999793987
476,MNE,0.016762500000368163
477,MNE,0.016133000000081665
478,MNE,0.016302332999657665
479,MNE,0.01576374999967811
480,MNE,0.016103332999591657
481,MNE,0.015868500000578933
482,MNE,0.016591542000242043
483,MNE,0.016364041000088037
484,MNE,0.01676362499983952
485,MNE,0.0167139169998336
486,MNE,0.01725745900057518
487,MNE,0.016096958000161976
488,MNE,0.01678712499960966
489,MNE,0.016449499999907857
490,MNE,0.016229957999712497
491,MNE,0.016006166999432025
492,MNE,0.01613649999944755
493,MNE,0.016423209000095085
494,MNE,0.015817041999980574
495,MNE,0.016423207999650913
496,MNE,0.01667158400050539
497,MNE,0.01645520799957012
498,MNE,0.01578379200054769
499,MNE,0.016294041999572073
500,MNE,0.016187250000257336
501,MNE,0.017042708000190032
502,MNE,0.016666666999299196
503,MNE,0.01603079200049251
504,MNE,0.016390500000852626
505,MNE,0.01661249999961001
506,MNE,0.016127333999975235
507,MNE,0.015632541999366367
508,MNE,0.016695000000254367
509,MNE,0.016224042000430927
510,MNE,0.016293083999698865
511,MNE,0.016240292000475165
512,MNE,0.015990833000614657
513,MNE,0.016296666999551235
514,MNE,0.016594958000496263
515,MNE,0.0160791660000541
516,MNE,0.015917124999759835
517,MNE,0.01736299999993207
518,MNE,0.01621145900026022
519,MNE,0.01681316699978197
520,MNE,0.01593954199961445
521,MNE,0.015832042000511137
522,MNE,0.016257332999884966
523,MNE,0.016457749999972293
524,MNE,0.016217333999520633
525,MNE,0.015837458000532934
526,MNE,0.016373959000702598
527,MNE,0.01622429200051556
528,MNE,0.015719875000286265
529,MNE,0.016768208000030427
530,MNE,0.016366875000130676
531,MNE,0.016680665999956545
532,MNE,0.01680308300001343
533,MNE,0.0165396669999609
534,MNE,0.016553500000554777
535,MNE,0.016281291999803216
536,MNE,0.01643220799996925
537,MNE,0.01653062500008673
538,MNE,0.015936499999952503
539,MNE,0.01638891600032366
540,MNE,0.017420707999917795
541,MNE,0.016018457999962266
542,MNE,0.015602916000716505
543,MNE,0.01589304200024344
544,MNE,0.01580816700061405
545,MNE,0.015866749999986496
546,MNE,0.015813458000593528
547,MNE,0.016839583000546554
548,MNE,0.015787916000590485
549,MNE,0.016294291999656707
550,MNE,0.016695082999831357
551,MNE,0.015968083999723603
552,MNE,0.015880458000538056
553,MNE,0.016707000000678818
554,MNE,0.016398957999626873
555,MNE,0.01671399999941059
556,MNE,0.016720041999178648
557,MNE,0.015677125000365777
558,MNE,0.015814583999599563
559,MNE,0.01618437500019354
560,MNE,0.016354917000171554
561,MNE,0.01588470899969252
562,MNE,0.016036208000514307
563,MNE,0.016530459000023257
564,MNE,0.015727167000477493
565,MNE,0.015693833000113955
566,MNE,0.016152375000274333
567,MNE,0.016399708999415452
568,MNE,0.016063042000496353
569,MNE,0.015846999999666878
570,MNE,0.016639583999676688
571,MNE,0.016050208000706334
572,MNE,0.01600766699993983
573,MNE,0.01588162500047474
574,MNE,0.01618662500004575
575,MNE,0.016620875000626256
576,MNE,0.016555292000703048
577,MNE,0.016409958000622282
578,MNE,0.01734837499952846
579,MNE,0.016147917000125744
580,MNE,0.016135167000356887
581,MNE,0.016442541999822424
582,MNE,0.01641537499926926
583,MNE,0.015949583000292478
584,MNE,0.016220415999669058
585,MNE,0.016602707999481936
586,MNE,0.016087750000224332
587,MNE,0.01612983399991208
588,MNE,0.01595675000044139
589,MNE,0.016166500000508677
590,MNE,0.01638025000011112
591,MNE,0.016644166999867593
592,MNE,0.016129457999340957
593,MNE,0.017229708999366267
594,MNE,0.017606958000214945
595,MNE,0.016341415999704623
596,MNE,0.015903584000625415
597,MNE,0.016229082999416278
598,MNE,0.01641745799952332
599,MNE,0.016016916999433306
600,MNE,0.015929250000226602
601,MNE,0.016232916999797453
602,MNE,0.016845207999722334
603,MNE,0.016902666000532918
604,MNE,0.016041208000387996
605,MNE,0.016572458999689843
606,MNE,0.015715999999883934
607,MNE,0.01636675000008836
608,MNE,0.015891000000010536
609,MNE,0.017101082999943173
610,MNE,0.01684504199965886
611,MNE,0.016845374999320484
612,MNE,0.01690270800008875
613,MNE,0.016115500000523753
614,MNE,0.015908915999716555
615,MNE,0.01621087500006979
616,MNE,0.01540645799923368
617,MNE,0.015862707999986014
618,MNE,0.01637033299994073
619,MNE,0.01623550000022078
620,MNE,0.016213417000471964
621,MNE,0.016432667000117362
622,MNE,0.016407457999775943
623,MNE,0.01629312499972002
624,MNE,0.01622812499954307
625,MNE,0.017492707999736012
626,MNE,0.016575165999711317
627,MNE,0.016056874999776483
628,MNE,0.01740670900016994
629,MNE,0.017079917000046407
630,MNE,0.016668666999976267
631,MNE,0.015961999999490217
632,MNE,0.015925125000649132
633,MNE,0.01577687499957392
634,MNE,0.01640137499998673
635,MNE,0.01618145900010859
636,MNE,0.01593304200014245
637,MNE,0.016680875000020023
638,MNE,0.016683666999597335
639,MNE,0.01623416599977645
640,MNE,0.01675470900045184
641,MNE,0.016125750000355765
642,MNE,0.016060625000136497
643,MNE,0.01614675000018906
644,MNE,0.015926750000289758
645,MNE,0.015958083999976225
646,MNE,0.01675225000053615
647,MNE,0.016494250000505417
648,MNE,0.016758708000452316
649,MNE,0.01587195799947949
650,MNE,0.01641916699918511
651,MNE,0.01626729100007651
652,MNE,0.01720666599976539
653,MNE,0.01624154199998884
654,MNE,0.01595220800027164
655,MNE,0.017020416999912413
656,MNE,0.01704241599964007
657,MNE,0.015661583000110113
658,MNE,0.016279999999824213
659,MNE,0.017612291999284935
660,MNE,0.014997291999861773
661,MNE,0.014599790999454854
662,MNE,0.01563358299972606
663,MNE,0.014928958000382408
664,MNE,0.015221790999930818
665,MNE,0.014216916000805213
666,MNE,0.015895166000518657
667,MNE,0.01568649999990157
668,MNE,0.015154374999838183
669,MNE,0.014702875000693894
670,MNE,0.015713624999989406
671,MNE,0.015595124999890686
672,MNE,0.01615841700004239
673,MNE,0.015014999999948486
674,MNE,0.015048125000248547
675,MNE,0.014495665999675111
676,MNE,0.015497874999709893
677,MNE,0.014793250000366243
678,MNE,0.014105583999480586
679,MNE,0.014675375000479107
680,MNE,0.01516629199977615
681,MNE,0.015512957999817445
682,MNE,0.015186583000286191
683,MNE,0.014567833000000974
684,MNE,0.014791499999773805
685,MNE,0.015628792000825342
686,MNE,0.01573087500037218
687,MNE,0.0160789579995253
688,MNE,0.015407500000037544
689,MNE,0.014694999999846914
690,MNE,0.01582229100040422
691,MNE,0.01497174999985873
692,MNE,0.015449000000444357
693,MNE,0.015512124999986554
694,MNE,0.01583595800002513
695,MNE,0.01491950000036013
696,MNE,0.015734874999907333
697,MNE,0.015217458000734041
698,MNE,0.015367541999694367
699,MNE,0.015467958000044746
700,MNE,0.015955415999997058
701,MNE,0.015522790999966674
702,MNE,0.015631084000233386
703,MNE,0.015774332999171747
704,MNE,0.014574124999853666
705,MNE,0.015811750000466418
706,MNE,0.015018166000118072
707,MNE,0.015395874999740045
708,MNE,0.015288124999642605
709,MNE,0.015305124999940745
710,MNE,0.015528208000432642
711,MNE,0.015268332999767154
712,MNE,0.015769749999890337
713,MNE,0.015260000000125729
714,MNE,0.014991541000199504
715,MNE,0.015339583999775641
716,MNE,0.015384249999442545
717,MNE,0.015031417000500369
718,MNE,0.01586158299960516
719,MNE,0.014888958000483399
720,MNE,0.01542595800037816
721,MNE,0.015129166999940935
722,MNE,0.015054624999720545
723,MNE,0.015779083000779792
724,MNE,0.014681665999887628
725,MNE,0.015847666999434296
726,MNE,0.015544584000053874
727,MNE,0.015434459000061906
728,MNE,0.015408499999466585
729,MNE,0.014994375000242144
730,MNE,0.014577083000403945
731,MNE,0.01492891599991708
732,MNE,0.0160717079997994
733,MNE,0.015225707999888982
734,MNE,0.015218417000141926
735,MNE,0.015715542000179994
736,MNE,0.014980207999542472
737,MNE,0.01469887499933975
738,MNE,0.015147207999689272
739,MNE,0.014870208000502316
740,MNE,0.015422249999573978
741,MNE,0.01464670799941814
742,MNE,0.015502000000196858
743,MNE,0.015671000000111235
744,MNE,0.015797957999893697
745,MNE,0.0149107079996611
746,MNE,0.01555158399969514
747,MNE,0.014891791999616544
748,MNE,0.014863416000480356
749,MNE,0.01532741699975304
750,MNE,0.015713542000412417
751,MNE,0.015711333000581362
752,MNE,0.01499062499988213
753,MNE,0.014990124999712862
754,MNE,0.01543024999955378
755,MNE,0.014889250000123866
756,MNE,0.015135041000576166
757,MNE,0.014612124999985099
758,MNE,0.015025665999928606
759,MNE,0.015659666999454203
760,MNE,0.014394875000107277
761,MNE,0.014882959000715346
762,MNE,0.015321041999413865
763,MNE,0.014851083000394283
764,MNE,0.014883333000398125
765,MNE,0.016074332999778562
766,MNE,0.014975291999689944
767,MNE,0.016038832999583974
768,MNE,0.014548999999533407
769,MNE,0.015521291999903042
770,MNE,0.015626458000042476
771,MNE,0.015295375000278
772,MNE,0.01605141699928936
773,MNE,0.015235582999594044
774,MNE,0.01520962500035239
775,MNE,0.01542816699929972
776,MNE,0.01580041600027471
777,MNE,0.014750749999620894
778,MNE,0.015232249999826308
779,MNE,0.015173250000771077
780,MNE,0.016470083000058366
781,MNE,0.01555220900081622
782,MNE,0.014780083999539784
783,MNE,0.01471345800018753
784,MNE,0.015824334000171802
785,MNE,0.015261792000274
786,MNE,0.014951375000237022
787,MNE,0.015362832999926468
788,MNE,0.015278249999937543
789,MNE,0.014731250000295404
790,MNE,0.015048750000460132
791,MNE,0.015202333000161161
792,MNE,0.015346916999988025
793,MNE,0.014916625000296335
794,MNE,0.015065749999848776
795,MNE,0.014581207999981416
796,MNE,0.01630475000001752
797,MNE,0.014736082999661448
798,MNE,0.016004082999643288
799,MNE,0.01472166700023081
800,MNE,0.014894041999468755
801,MNE,0.01462808300038887
802,MNE,0.015119667000362824
803,MNE,0.014803416000177094
804,MNE,0.015619165999851248
805,MNE,0.015317542000047979
806,MNE,0.014931833000446204
807,MNE,0.015101083999979892
808,MNE,0.015313332999539853
809,MNE,0.015146624999943015
810,MNE,0.015084083000147075
811,MNE,0.01579700000002049
812,MNE,0.015241166000123485
813,MNE,0.014956958999391645
814,MNE,0.014498542000183079
815,MNE,0.014765375000024505
816,MNE,0.015216916999634122
817,MNE,0.015574207999634382
818,MNE,0.015635624999958964
819,MNE,0.014464541000052122
820,MNE,0.015608749999955762
821,MNE,0.015236707999974897
822,MNE,0.015626500000507804
823,MNE,0.015442124999935913
824,MNE,0.015188874999694235
825,MNE,0.01507966699955432
826,MNE,0.015101624999260821
827,MNE,0.016220291000536236
828,MNE,0.014768000000003667
829,MNE,0.014533083000060287
830,MNE,0.014607875000365311
831,MNE,0.014631833000748884
832,MNE,0.01551104200007103
833,MNE,0.01573466600075335
834,MNE,0.014887457999975595
835,MNE,0.014438291999795183
836,MNE,0.01621570800034533
837,MNE,0.015228083000693005
838,MNE,0.0153721670003506
839,MNE,0.015075166000315221
840,MNE,0.015011792000223068
841,MNE,0.01442216599934909
842,MNE,0.016614541999842913
843,MNE,0.014696291999825917
844,MNE,0.015752874999634514
845,MNE,0.014603832999455335
846,MNE,0.015570542000205023
847,MNE,0.01473512499978824
848,MNE,0.014983334000135073
849,MNE,0.015339167000092857
850,MNE,0.015329915999245713
851,MNE,0.014811582999755046
852,MNE,0.01576766700054577
853,MNE,0.014603874999920663
854,MNE,0.01589087499996822
855,MNE,0.015271082999788632
856,MNE,0.015248874999997497
857,MNE,0.015035333000014361
858,MNE,0.015646167000340938
859,MNE,0.014880667000397807
860,MNE,0.014915708000444283
861,MNE,0.015518334000262257
862,MNE,0.015207667000140646
863,MNE,0.015252999999574968
864,MNE,0.01575595800022711
865,MNE,0.014712500000314321
866,MNE,0.014983792000748508
867,MNE,0.015058625000165193
868,MNE,0.014799708000282408
869,MNE,0.014389000000846863
870,MNE,0.014645959000517905
871,MNE,0.015193874999567925
872,MNE,0.014919207999810169
873,MNE,0.015716541999609035
874,MNE,0.01533666599971184
875,MNE,0.015194165999673714
876,MNE,0.015128875000300468
877,MNE,0.015654750000066997
878,MNE,0.014968041999964043
879,MNE,0.014338083999973605
880,MNE,0.015204124999399937
881,MNE,0.014711625000018103
882,MNE,0.015003958000306739
883,MNE,0.01505875000020751
884,MNE,0.015760790999593155
885,MNE,0.015275959000064177
886,MNE,0.015198665999378136
887,MNE,0.01503604100071243
888,MNE,0.01541799999995419
889,MNE,0.015940708999551134
890,MNE,0.015549708000435203
891,MNE,0.015465749999748368
892,MNE,0.015669583000089915
893,MNE,0.015264917000422429
894,MNE,0.015587792000587797
895,MNE,0.014328666999972484
896,MNE,0.014646292000179528
897,MNE,0.015220584000417148
898,MNE,0.01456774999951449
899,MNE,0.015370707999863953
900,MNE,0.01488637500006007
901,MNE,0.014430666999942332
902,MNE,0.01555350000035105
903,MNE,0.015235916999699839
904,MNE,0.016635666000183846
905,MNE,0.014535958000124083
906,MNE,0.015329958999245719
907,MNE,0.014616749999731837
908,MNE,0.015510790999542223
909,MNE,0.01588549999996758
910,MNE,0.01458483399983379
911,MNE,0.014881707999848004
912,MNE,0.01589920800051914
913,MNE,0.015022040999610908
914,MNE,0.01531933400019625
915,MNE,0.015460499999790045
916,MNE,0.015536832999714534
917,MNE,0.01533045799988031
918,MNE,0.01528166699972644
919,MNE,0.015517582999564183
920,MNE,0.01646520899976167
921,MNE,0.015427082999849517
922,MNE,0.015386083000521467
923,MNE,0.015493459000026633
924,MNE,0.015570417000162706
925,MNE,0.015478999999686494
926,MNE,0.01567104100013239
927,MNE,0.014968582999244973
928,MNE,0.015073333000145794
929,MNE,0.015402333000565704
930,MNE,0.01523158300005889
931,MNE,0.015526832999967155
932,MNE,0.014981708000050276
933,MNE,0.014792833999308641
934,MNE,0.015456416999768408
935,MNE,0.016380082999603474
936,MNE,0.015075249999426887
937,MNE,0.015352041999904031
938,sLORETA,0.10608512500039069
939,sLORETA,0.1083195839992186
940,sLORETA,0.10572091700032615
941,sLORETA,0.10653016699961881
942,sLORETA,0.10612124999988737
943,sLORETA,0.10678845899929001
944,sLORETA,0.10601933399993868
945,sLORETA,0.10604575000070326
946,sLORETA,0.10656783300055395
947,sLORETA,0.10607445900041057
948,sLORETA,0.10712145899924508
949,sLORETA,0.10648595800012117
950,sLORETA,0.10550587499983521
951,sLORETA,0.10511425000004238
952,sLORETA,0.10626779199992598
953,sLORETA,0.10576870899967616
954,sLORETA,0.10742158399989421
955,sLORETA,0.11101887499989971
956,sLORETA,0.10726924999926268
957,sLORETA,0.10566066699993826
958,sLORETA,0.10500612500072748
959,sLORETA,0.10579558300014469
960,sLORETA,0.10533304199998383
961,sLORETA,0.10509333299978607
962,sLORETA,0.10709220900025684
963,sLORETA,0.10623620800015487
964,sLORETA,0.10631162499976199
965,sLORETA,0.1059516249997614
966,sLORETA,0.10666166599912685
967,sLORETA,0.1053810829998838
968,sLORETA,0.10585875000015221
969,sLORETA,0.10555612500047573
970,sLORETA,0.10502999999971507
971,sLORETA,0.10680137500003184
972,sLORETA,0.10614704099953087
973,sLORETA,0.10654404199976852
974,sLORETA,0.10613091700088262
975,sLORETA,0.10574129199994786
976,sLORETA,0.10534499999994296
977,sLORETA,0.10533083299924328
978,sLORETA,0.10652691599989339
979,sLORETA,0.106635916000414
980,sLORETA,0.10571633300060057
981,sLORETA,0.10718458300016209
982,sLORETA,0.10573379100060265
983,sLORETA,0.10627387500062468
984,sLORETA,0.10729916699983733
985,sLORETA,0.10556050000013784
986,sLORETA,0.10688108300018939
987,sLORETA,0.10578995899959409
988,sLORETA,0.10636295800031803
989,sLORETA,0.10546258300018962
990,sLORETA,0.10546375000012631
991,sLORETA,0.10516112500044983
992,sLORETA,0.106536459000381
993,sLORETA,0.10633104200041998
994,sLORETA,0.10660774999996647
995,sLORETA,0.10732416600058059
996,sLORETA,0.10570987499977491
997,sLORETA,0.10604441599934944
998,sLORETA,0.1067471670003215
999,sLORETA,0.10562366700014536
1000,sLORETA,0.10573733300043386
1001,sLORETA,0.10621516700030043
1002,sLORETA,0.10630983300052321
1003,sLORETA,0.10650391700073669
1004,sLORETA,0.10738512500029174
1005,sLORETA,0.10546345900002052
1006,sLORETA,0.10721399999965797
1007,sLORETA,0.10534924999956274
1008,sLORETA,0.10765679199994338
1009,sLORETA,0.10647987500033196
1010,sLORETA,0.10610258299948327
1011,sLORETA,0.10467666700060363
1012,sLORETA,0.10700866700062761
1013,sLORETA,0.1063071670005229
1014,sLORETA,0.10555775000011636
1015,sLORETA,0.10661937500026397
1016,sLORETA,0.1058221670000421
1017,sLORETA,0.10654929200063634
1018,sLORETA,0.10577733399986755
1019,sLORETA,0.10560841700043966
1020,sLORETA,0.1061744999997245
1021,sLORETA,0.10586383400004706
1022,sLORETA,0.10546716699991521
1023,sLORETA,0.10530291700069938
1024,sLORETA,0.10512558300069941
1025,sLORETA,0.10632095799974195
1026,sLORETA,0.10559112500050105
1027,sLORETA,0.10526154199942539
1028,sLORETA,0.10548783400008688
1029,sLORETA,0.10544166700037749
1030,sLORETA,0.10578549999991083
1031,sLORETA,0.10567845899913664
1032,sLORETA,0.10582412500025384
1033,sLORETA,0.10532475000036357
1034,sLORETA,0.10560283299946605
1035,sLORETA,0.10580037499948958
1036,sLORETA,0.10723320800025249
1037,sLORETA,0.10676975000023958
1038,sLORETA,0.10611129199969582
1039,sLORETA,0.10634599999957572
1040,sLORETA,0.1069045840004037
1041,sLORETA,0.10527258300044195
1042,sLORETA,0.10640133400011109
1043,sLORETA,0.10702554199997394
1044,sLORETA,0.10582045899991499
1045,sLORETA,0.10554941600003076
1046,sLORETA,0.10740816700035793
1047,sLORETA,0.10649658399961481
1048,sLORETA,0.10638154099979147
1049,sLORETA,0.10815875000025699
1050,sLORETA,0.10915791699972033
1051,sLORETA,0.10666075000062847
1052,sLORETA,0.10478237500046816
1053,sLORETA,0.1044819999997344
1054,sLORETA,0.10623408399987966
1055,sLORETA,0.1078399170000921
1056,sLORETA,0.10603662500034261
1057,sLORETA,0.10587754099924496
1058,sLORETA,0.10533162499996251
1059,sLORETA,0.10576899999978195
1060,sLORETA,0.10687208400031523
1061,sLORETA,0.1050590419999935
1062,sLORETA,0.10689804199955688
1063,sLORETA,0.10674999999991996
1064,sLORETA,0.10529574999964098
1065,sLORETA,0.10526908300016657
1066,sLORETA,0.1063672910004243
1067,sLORETA,0.10539862499990704
1068,sLORETA,0.10492308300035802
1069,sLORETA,0.10585458300010941
1070,sLORETA,0.10735674999978073
1071,sLORETA,0.10605312500047148
1072,sLORETA,0.10702958300043974
1073,sLORETA,0.10618400000021211
1074,sLORETA,0.10561266700005945
1075,sLORETA,0.10559925000052317
1076,sLORETA,0.10505062500033091
1077,sLORETA,0.10614437499953056
1078,sLORETA,0.1062632080002004
1079,sLORETA,0.10622495799998433
1080,sLORETA,0.10538362500028597
1081,sLORETA,0.10453887499988923
1082,sLORETA,0.10492070800046349
1083,sLORETA,0.10508962499989138
1084,sLORETA,0.10533766700064007
1085,sLORETA,0.10492745800002012
1086,sLORETA,0.10629129100016144
1087,sLORETA,0.10526241699972161
1088,sLORETA,0.10567237499981275
1089,sLORETA,0.10565245799989498
1090,sLORETA,0.10616554100033682
1091,sLORETA,0.10562129200025083
1092,sLORETA,0.10537883400047576
1093,sLORETA,0.105757000000267
1094,sLORETA,0.10588191700026073
1095,sLORETA,0.10532024999974965
1096,sLORETA,0.10600712500036025
1097,sLORETA,0.10535087500011286
1098,sLORETA,0.10498995800026023
1099,sLORETA,0.10568316700027935
1100,sLORETA,0.10579200000029232
1101,sLORETA,0.10588350000034552
1102,sLORETA,0.10705954100012605
1103,sLORETA,0.10533670799941319
1104,sLORETA,0.10552937499960535
1105,sLORETA,0.1059930000001259
1106,sLORETA,0.10576408399992943
1107,sLORETA,0.1067023750001681
1108,sLORETA,0.10546862499995768
1109,sLORETA,0.1056825840005331
1110,eLORETA,0.8421129170001223
1111,eLORETA,0.8333541249994596
1112,eLORETA,0.8253935419998015
1113,eLORETA,0.8438478340003712
1114,eLORETA,0.8412880000005316
1115,eLORETA,0.8359842500003651
1116,eLORETA,0.8315787080000518
1117,eLORETA,0.8415027500004726
1118,eLORETA,0.8432503329995598
1119,eLORETA,0.8177742920006494
1120,eLORETA,0.8369817920001879
1121,eLORETA,0.8365996250004173
1122,eLORETA,0.8226699169999847
1123,eLORETA,0.8387839170000007
1124,eLORETA,0.8289755420000802
1125,eLORETA,0.8275261250000767
1126,eLORETA,0.8164774169999873
1127,eLORETA,0.8610515829996075
1128,eLORETA,0.844048417000522
1129,eLORETA,0.8397507500003485
1130,eLORETA,0.8345130000006975
1131,eLORETA,0.8405808330007858
1132,eLORETA,0.8541534169999068
1133,eLORETA,0.8296252920008556
1134,LCMV,0.07249450000017532
1135,LCMV,0.0662676250003642
1136,LCMV,0.06887854200067522
1137,LCMV,0.06413137500021548
1138,LCMV,0.06665391699971224
1139,LCMV,0.06403475000024628
1140,LCMV,0.06383283299965115
1141,LCMV,0.06387237499984622
1142,LCMV,0.06400500000017928
1143,LCMV,0.07379695800045738
1144,LCMV,0.06447570899945276
1145,LCMV,0.06391749999966123
1146,LCMV,0.06386012500024663
1147,LCMV,0.06394329199974891
1148,LCMV,0.06354929100052686
1149,LCMV,0.06358091600031912
1150,LCMV,0.06406187500033411
1151,LCMV,0.06397845900028187
1152,LCMV,0.06385891699937929
1153,LCMV,0.0638595410000562
1154,LCMV,0.064005874999566
1155,LCMV,0.06390345799991337
1156,LCMV,0.06364825000036944
1157,LCMV,0.06386216700047953
1158,LCMV,0.06426995800029545
1159,LCMV,0.06355775000065478
1160,LCMV,0.06405933299993194
1161,LCMV,0.06367504199988616
1162,LCMV,0.06377429200074403
1163,LCMV,0.06440420899980381
1164,LCMV,0.06422754200048075
1165,LCMV,0.06805029199949786
1166,LCMV,0.06409187500048574
1167,LCMV,0.0649911250002333
1168,LCMV,0.06477620899931935
1169,LCMV,0.06471354200039059
1170,LCMV,0.06845220899958804
1171,LCMV,0.0652963330003331
1172,LCMV,0.06422558399935951
1173,LCMV,0.06899704100032977
1174,LCMV,0.06475808300001518
1175,LCMV,0.06477358300071501
1176,LCMV,0.06454483299967251
1177,LCMV,0.06451645900051517
1178,LCMV,0.06465233299968531
1179,LCMV,0.06495804200039856
1180,LCMV,0.06462333299987222
1181,LCMV,0.06493475000024773
1182,LCMV,0.06475495799986675
1183,LCMV,0.06449304099987785
1184,LCMV,0.06619924999995419
1185,LCMV,0.06459066600018559
1186,LCMV,0.06452791699939553
1187,LCMV,0.06388895899999625
1188,LCMV,0.06381191600030434
1189,LCMV,0.06369783399986773
1190,LCMV,0.06393024999943009
1191,LCMV,0.06359324999993987
1192,LCMV,0.06692495799961762
1193,LCMV,0.0637891659998786
1194,LCMV,0.06665329199950065
1195,LCMV,0.06394641600036266
1196,LCMV,0.06383458300024358
1197,LCMV,0.06413370800055418
1198,LCMV,0.06458262500018463
1199,LCMV,0.06374716600021202
1200,LCMV,0.06491837500016118
1201,LCMV,0.06367479199980153
1202,LCMV,0.0665355000001
1203,LCMV,0.06382704099996772
1204,LCMV,0.06796579199999542
1205,LCMV,0.0643879580002249
1206,LCMV,0.06404583299990918
1207,LCMV,0.06854429200029699
1208,LCMV,0.06411179200040351
1209,LCMV,0.06400695799948153
1210,LCMV,0.0640136669999265
1211,LCMV,0.06347158400058106
1212,LCMV,0.06394612500025687
1213,LCMV,0.06390725000073871
1214,LCMV,0.06380058399918198
1215,LCMV,0.0646230000002106
1216,LCMV,0.0638060419996691
1217,LCMV,0.06423287500001607
1218,LCMV,0.06556516700038628
1219,LCMV,0.06921429199974227
1220,LCMV,0.06586316699940653
1221,LCMV,0.06605079100063449
1222,LCMV,0.06422341699999379
1223,LCMV,0.06739749999997002
1224,LCMV,0.06422816699978284
1225,LCMV,0.06380887499926757
1226,LCMV,0.0639719580003657
1227,LCMV,0.06399887499992474
1228,LCMV,0.06393958299941005
1229,LCMV,0.06392975000017032
1230,LCMV,0.06395166700076516
1231,LCMV,0.06363704100022005
1232,LCMV,0.06388916699961555
1233,LCMV,0.06402150000030815
1234,LCMV,0.0640287090000129
1235,LCMV,0.06387516599988885
1236,LCMV,0.06402854200041475
1237,LCMV,0.06359883300046931
1238,LCMV,0.06755083400003059
1239,LCMV,0.06370349999997416
1240,LCMV,0.06432579200009059
1241,LCMV,0.06360891599979368
1242,LCMV,0.06410154100012733
1243,LCMV,0.06436670800030697
1244,LCMV,0.06369025000003603
1245,LCMV,0.06382200000007288
1246,LCMV,0.06396483300068212
1247,LCMV,0.06630470799973409
1248,LCMV,0.06336808299965924
1249,LCMV,0.06418620800013741
1250,LCMV,0.06374687500010623
1251,LCMV,0.06348170799992658
1252,LCMV,0.07418320800024958
1253,LCMV,0.06391108299976622
1254,LCMV,0.06820587499987596
1255,LCMV,0.06462595800076087
1256,LCMV,0.06649879199994757
1257,LCMV,0.06399525000051653
1258,LCMV,0.06394716699924174
1259,LCMV,0.06402358400009689
1260,LCMV,0.06415875000038795
1261,LCMV,0.06402895900009753
1262,LCMV,0.06371308399957343
1263,LCMV,0.06405458300014288
1264,LCMV,0.06817066699932184
1265,LCMV,0.06669041599980119
1266,LCMV,0.06374433299970406
1267,LCMV,0.0636765839999498
1268,LCMV,0.06425724999917293
1269,LCMV,0.06766820899974846
1270,LCMV,0.06485991699992155
1271,LCMV,0.06384520799929305
1272,LCMV,0.06375808299981145
1273,LCMV,0.06401154199920711
1274,LCMV,0.06376025000008667
1275,LCMV,0.06374649999997928
1276,LCMV,0.07367412500025239
1277,LCMV,0.06376616699981241
1278,LCMV,0.06368912499965518
1279,LCMV,0.06373520899978757
1280,LCMV,0.0636181250001755
1281,LCMV,0.06401787499999045
1282,LCMV,0.06399204100034694
1283,LCMV,0.06393979200038302
1284,LCMV,0.06408554100016772
1285,LCMV,0.06374733400025434
1286,LCMV,0.06341145799979131
1287,LCMV,0.06405329199969856
1288,LCMV,0.06381320799937384
1289,LCMV,0.0638254160003271
1290,LCMV,0.06664637500034587
1291,LCMV,0.06403845900058514
1292,LCMV,0.06406383299963636
1293,LCMV,0.06389554199995473
1294,LCMV,0.06543583299935563
1295,LCMV,0.06414129200038587
1296,LCMV,0.06368833299984544
1297,LCMV,0.06785516699983418
1298,LCMV,0.06433362499956274
1299,LCMV,0.06444991599983041
1300,LCMV,0.06376895799985505
1301,LCMV,0.06341008399977
1302,LCMV,0.06404850000035367
1303,LCMV,0.06395816700023715
1304,LCMV,0.06436808399939764
1305,LCMV,0.06419033400015905
1306,LCMV,0.06376508399989689
1307,LCMV,0.06374387500000012
1308,LCMV,0.06406116699963604
1309,LCMV,0.06387625000024855
1310,LCMV,0.0640518330001214
1311,LCMV,0.06387329100016359
1312,LCMV,0.06832462500005931
1313,LCMV,0.06388641699959408
1314,LCMV,0.06650216600064596
1315,LCMV,0.0652879170002052
1316,LCMV,0.06355466700006218
1317,LCMV,0.06394958300006692
1318,LCMV,0.06362895799975377
1319,LCMV,0.06676808399970469
1320,LCMV,0.06389804200080107
1321,LCMV,0.06380245799937256
1322,LCMV,0.06354095799997594
1323,LCMV,0.06424833300025057
1324,LCMV,0.0645627499998227
1325,LCMV,0.06423450000056619
1326,LCMV,0.0686510419991464
1327,LCMV,0.06421399999999267
1328,LCMV,0.06383558299967262
1329,LCMV,0.06387112500033254
1330,LCMV,0.06385770799988677
1331,LCMV,0.06361575000028097
1332,LCMV,0.06376408300002367
1333,LCMV,0.06405795800037595
1334,LCMV,0.06349554200005514
1335,LCMV,0.06404483300048014
1336,LCMV,0.06353412499993283
1337,LCMV,0.06826908299990464
1338,LCMV,0.06403725000018312
1339,LCMV,0.06366745800005447
1340,LCMV,0.06787825000083103
1341,LCMV,0.06436387499979901
1342,LCMV,0.06441216699931829
1343,LCMV,0.06665966600030515
1344,LCMV,0.06374645800042344
1345,LCMV,0.06370250000054511
1346,LCMV,0.06355191599959653
1347,LCMV,0.06355741599963949
1348,LCMV,0.06369383400033257
1349,LCMV,0.06786654200004705
1350,LCMV,0.0639332499995362
1351,LCMV,0.06339004100027523
1352,LCMV,0.06705258399961167
1353,LCMV,0.06373487500059127
1354,LCMV,0.06420329100001254
1355,LCMV,0.06801470899972628
1356,LCMV,0.06408124999961728
1357,LCMV,0.0634916670005623
1358,LCMV,0.06395241700010956
1359,LCMV,0.06370862500079966
1360,LCMV,0.06367362499986484
1361,LCMV,0.06357050000042364
1362,LCMV,0.0649386669992964
1363,LCMV,0.06637437500012311
1364,LCMV,0.0637957090002601
1365,LCMV,0.0641694579999239
1366,LCMV,0.06354979200023081
1367,LCMV,0.0684882909999942
1368,LCMV,0.06396225000025879
1369,LCMV,0.06401974999971571
1370,LCMV,0.06337745800010453
1371,LCMV,0.06389895899974363
1372,LCMV,0.06393083399962052
1373,LCMV,0.06372862499938492
1374,LCMV,0.06399750000036875
1375,LCMV,0.06405945799997426
1376,LCMV,0.0636940840004172
1377,LCMV,0.06376962500053196
1378,LCMV,0.0638764169998467
1379,LCMV,0.06424637500003882
1380,LCMV,0.06369024999912654
1381,LCMV,0.06333241700031067
1382,LCMV,0.06399725000028411
1383,LCMV,0.06769012499989913
1384,LCMV,0.06404520900014177
1385,LCMV,0.06366295799944055
1386,LCMV,0.0642440000001443
1387,LCMV,0.06327595800030394
1388,LCMV,0.06481408299987379
1389,LCMV,0.06375833400034026
1390,LCMV,0.06838704199981294
1391,LCMV,0.06381312499979686
1392,LCMV,0.06388041699938185
1393,LCMV,0.06389499999932013
1394,LCMV,0.06316662500012171
1395,LCMV,0.06403620799937926
1396,LCMV,0.0638556250005422
1397,LCMV,0.06368441700033145
1398,LCMV,0.06420270799935679
1399,LCMV,0.06507670800056076
1400,LCMV,0.06388329200035514
